ID_Case,Specialty,Real_Diagnosis,Response_BASE_Model,Inference_Time_sec,Metrica_BERTScore_F1,Metrica_Acierto_PalabrasClave,Metrica_ROUGE_L_F1,Metrica_Acierto_Estructurado,Metrica_Formato_Correcto,Metrica_Num_Alt_Diagnosticos
Case_001_Lupus_Attempt_01,Rheumatology,Systemic Lupus Erythematosus (SLE),"1. Main diagnostic suspicion: Sjögren's syndrome.

2. Brief medical justification: The patient's presentation, with migratory joint pain, fatigue, and oral ulcers, is consistent with an autoimmune disorder. The presence of a reddish rash on the cheeks, which worsens with sun exposure, is a common feature of Sjögren's syndrome. The patient's young age and the absence of other symptoms suggestive of a rheumatic disease (e.g., fever, weight loss) support the diagnosis of Sjögren's syndrome. Further investigation with a rheumatologist and laboratory tests (e.g., ANA, anti-SSA, anti-SSB) would be necessary to confirm the diagnosis and rule out other",16.75,0.7942278981208801,0,0.029540376524294636,0,1,0
Case_001_Lupus_Attempt_02,Rheumatology,Systemic Lupus Erythematosus (SLE),"1. Main diagnostic suspicion: Juvenile Idiopathic Arthritis (JIA).

2. Brief medical justification: The patient's presentation with migratory joint pain, fatigue, and oral ulcers is consistent with JIA. The presence of a reddish rash on the cheeks, which worsens with sun exposure, is also a common feature of JIA. The patient's age (28 years old) is slightly above the typical age range for JIA, but it's not uncommon for the condition to present in adults. The combination of these symptoms, along with the lack of any other obvious underlying causes, suggests that JIA is the most likely diagnosis. Further evaluation with laboratory tests, imaging studies, and physical examination would be necessary to confirm",8.71,0.8099716305732727,0,0.029540376524294636,0,1,0
Case_001_Lupus_Attempt_03,Rheumatology,Systemic Lupus Erythematosus (SLE),"**Main diagnostic suspicion:** Systemic Lupus Erythematosus (SLE).

**Medical justification:** The patient's presentation with migratory joint pain, fatigue, and oral ulcers is consistent with SLE, an autoimmune disorder. The rash on the cheeks, which worsens with sun exposure, is a characteristic feature of discoid lupus, a cutaneous manifestation of SLE. The combination of these symptoms, particularly the presence of oral ulcers and a facial rash, raises the suspicion of SLE. Further evaluation, including laboratory tests (e.g., ANA, anti-dsDNA, and complement levels) and imaging studies (e.g., MRI of the joints), would be necessary to confirm the diagnosis. A thorough medical",8.71,0.8664752840995789,1,0.029540376524294636,1,1,0
Case_001_Lupus_Attempt_04,Rheumatology,Systemic Lupus Erythematosus (SLE),"1. Main diagnostic suspicion: Adult-onset Still's disease (AOSD).

2. Brief medical justification: The combination of migratory joint pain, extreme fatigue, and painless oral ulcers is consistent with AOSD. The reddish rash on the cheeks, which worsens with sun exposure, is also a characteristic feature of this condition. AOSD is a rare and poorly understood autoimmune disorder characterized by systemic inflammation, joint pain, and skin manifestations. The patient's symptoms and physical examination findings are consistent with this diagnosis, and further evaluation would include laboratory tests to confirm the presence of elevated ferritin, erythrocyte sedimentation rate (ESR), and C-reactive protein (CRP) levels, as well as",8.64,0.8008412718772888,0,0.029540376524294636,0,1,0
Case_001_Lupus_Attempt_05,Rheumatology,Systemic Lupus Erythematosus (SLE),"1. Main diagnostic suspicion: Autoimmune connective tissue disorder, specifically lupus erythematosus (LE).

2. Brief medical justification: The patient's presentation of migratory joint pain, fatigue, and painless oral ulcers is consistent with an autoimmune disorder. The presence of a reddish rash on the cheeks, which worsens with sun exposure, is a classic manifestation of LE, also known as the ""butterfly rash."" This symptom is a hallmark of the disease and increases the likelihood of an autoimmune connective tissue disorder, such as lupus. The combination of these symptoms, along with the patient's age and the lack of other plausible explanations, leads to a high index of suspicion for lupus erythematosus.",9.01,0.8410208821296692,1,0.029540376524294636,0,1,0
Case_001_Lupus_Attempt_06,Rheumatology,Systemic Lupus Erythematosus (SLE),"1. Main diagnostic suspicion: Sjögren's syndrome (SS) with secondary cutaneous manifestations.

2. Brief medical justification: The patient's presentation with migratory joint pain, fatigue, and oral ulcers is consistent with Sjögren's syndrome, an autoimmune disorder that primarily affects the exocrine glands. The presence of a reddish rash on the cheeks, which worsens with sun exposure, is a common cutaneous manifestation of SS, known as erythema multiforme or lupus erythematosus-like lesions. The combination of these symptoms, particularly the oral ulcers and skin lesions, suggests that the patient's joint pain and fatigue may be secondary to an underlying autoimmune process. Further diagnostic testing, including laboratory studies",9.24,0.8265318870544434,1,0.029540376524294636,0,1,0
Case_001_Lupus_Attempt_07,Rheumatology,Systemic Lupus Erythematosus (SLE),"1. Main diagnostic suspicion: Sjögren's syndrome (SS).
2. Brief medical justification: The patient's presentation with migratory joint pain, fatigue, and oral ulcers, in conjunction with the characteristic facial rash, is highly suggestive of Sjögren's syndrome. The presence of a reddish rash on the cheeks that worsens with sun exposure, known as the ""butterfly rash,"" is a classic feature of SS. Additionally, the patient's young age and lack of other significant medical history make Sjögren's syndrome a strong diagnostic consideration. Further evaluation, including laboratory tests and imaging studies, would be necessary to confirm the diagnosis. 

Please let me know if you'd like me to elaborate or provide additional",9.39,0.7982574105262756,0,0.029540376524294636,0,1,0
Case_001_Lupus_Attempt_08,Rheumatology,Systemic Lupus Erythematosus (SLE),"1. Main diagnostic suspicion: Systemic Lupus Erythematosus (SLE).

2. Brief medical justification:
The combination of migratory joint pain, fatigue, and skin lesions (oral ulcers and facial rash) is highly suggestive of an autoimmune disorder. The presence of a reddish rash on the cheeks that worsens with sun exposure is a classic feature of SLE, also known as the ""butterfly rash."" This, along with the patient's young age and the chronicity of symptoms, points towards SLE as the primary diagnostic suspicion. Further evaluation with laboratory tests (e.g., antinuclear antibody, anti-double-stranded DNA) and imaging studies (e.g., joint X-rays) would be necessary to",9.75,0.8676191568374634,1,0.029540376524294636,1,1,0
Case_001_Lupus_Attempt_09,Rheumatology,Systemic Lupus Erythematosus (SLE),"1. Main diagnostic suspicion: Adult Still's disease (ASD), also known as Still's disease or Adult-Onset Still's disease.

2. Brief medical justification: The combination of migratory joint pain, extreme fatigue, and painless oral ulcers, along with the characteristic reddish rash on the cheeks that worsens with sun exposure, are highly suggestive of Adult Still's disease. This condition is a rare, systemic inflammatory disorder that typically affects adults, often in the 3rd to 5th decade of life. The clinical presentation is characterized by the presence of arthralgia, fever, rash, and elevated acute-phase reactants, such as erythrocyte sedimentation rate (ESR) and C-reactive protein",9.58,0.8018534183502197,0,0.029540376524294636,0,1,0
Case_001_Lupus_Attempt_10,Rheumatology,Systemic Lupus Erythematosus (SLE),"1. Main diagnostic suspicion: Adult Still's disease (ASD).

2. Brief medical justification: The patient's presentation, with migratory joint pain, fatigue, and characteristic oral ulcers, suggests an inflammatory arthropathy. The presence of a reddish rash on the cheeks, which worsens with sun exposure, is consistent with the characteristic cutaneous lesions of ASD. ASD is a rare condition characterized by chronic, relapsing, and remitting inflammation, typically affecting young adults. The patient's symptoms and physical examination findings are consistent with this diagnosis, warranting further investigation and treatment. Further evaluation with laboratory tests, such as ESR, CRP, and rheumatoid factor, would be necessary to confirm the diagnosis and rule out",9.44,0.7970593571662903,0,0.029540376524294636,0,1,0
Case_002_Pheochromocytoma_Attempt_01,Endocrinology,Pheochromocytoma,"**Main diagnostic suspicion:**
Aortic dissection, acute onset, with associated symptoms of hypertension, headache, sweating, and palpitations.

**Brief medical justification:**
The patient's sudden onset of throbbing headache, profuse sweating, and severe palpitations, accompanied by a blood pressure of 190/110 mmHg, strongly suggests aortic dissection. The symptoms are consistent with the classic presentation of a Stanford type A aortic dissection, which typically involves chest pain, back pain, and hypertension. The patient's symptoms are not typical of a migraine, hypertensive crisis, or other common causes of headache and palpitations. The acute onset and severity of the symptoms, as well as the elevated blood pressure, support the diagnosis",9.41,0.7681282162666321,0,0.029540376524294636,0,1,2
Case_002_Pheochromocytoma_Attempt_02,Endocrinology,Pheochromocytoma,"1. Main diagnostic suspicion: **Pheochromocytoma**.

2. Brief medical justification: The patient's symptoms of sudden onset throbbing headache, profuse sweating, and severe palpitations are consistent with the classic presentation of a pheochromocytoma. The extremely high blood pressure reading of 190/110 mmHg, particularly the systolic pressure, is also consistent with this diagnosis. Pheochromocytomas are rare tumors that arise from the adrenal gland, and they can cause excessive production of catecholamines, leading to these characteristic symptoms. The patient's symptoms and laboratory findings warrant further evaluation and imaging studies to confirm the diagnosis. 

Additional notes: The patient's symptoms are not typical",9.21,0.8447171449661255,1,0.029540376524294636,1,1,0
Case_002_Pheochromocytoma_Attempt_03,Endocrinology,Pheochromocytoma,"1. Main diagnostic suspicion: Subarachnoid hemorrhage (SAH) or hypertensive emergency, likely due to pheochromocytoma.

2. Brief medical justification: The patient's sudden onset of severe headache, profuse sweating, and palpitations, along with a blood pressure of 190/110 mmHg, suggest a catastrophic event such as SAH or hypertensive emergency. The patient's age and the presence of palpitations, which are not typically seen in SAH, favor pheochromocytoma. Pheochromocytoma is a rare tumor that can secrete excess catecholamines, leading to the described symptoms. The patient's symptoms and blood pressure reading are consistent",9.28,0.8348273634910583,1,0.029540376524294636,1,1,0
Case_002_Pheochromocytoma_Attempt_04,Endocrinology,Pheochromocytoma,"**Main diagnostic suspicion:** Pheochromocytoma.

**Brief medical justification:** The patient's symptoms of sudden onset throbbing headache, profuse sweating, and severe palpitations are consistent with the classic presentation of a pheochromocytoma, a rare neuroendocrine tumor that secretes excessive amounts of catecholamines (epinephrine and norepinephrine). The sudden increase in blood pressure, with a reading of 190/110 mmHg, further supports this diagnosis. Pheochromocytoma is a rare but potentially life-threatening condition that requires prompt recognition and management. The patient's symptoms are likely related to the excessive catecholamine release, causing the cardiovascular and neurological symptoms",9.29,0.8446335196495056,1,0.029540376524294636,1,1,0
Case_002_Pheochromocytoma_Attempt_05,Endocrinology,Pheochromocytoma,"**Main Diagnostic Suspicion:** 
The main diagnostic suspicion is a hypertensive emergency due to pheochromocytoma.

**Brief Medical Justification:** 
The patient's presentation of sudden episodes of throbbing headache, profuse sweating, and severe palpitations, accompanied by a blood pressure of 190/110 mmHg, is consistent with a hypertensive emergency. The sudden onset and duration of the episodes suggest a paroxysmal hypertension, which is a common feature of pheochromocytoma. Additionally, the patient's age (45 years) and the presence of hypertension are risk factors for pheochromocytoma. The patient's symptoms are not typical of other common causes of hypertensive emergencies,",9.26,0.8388867974281311,1,0.029540376524294636,1,1,1
Case_002_Pheochromocytoma_Attempt_06,Endocrinology,Pheochromocytoma,"1. Main diagnostic suspicion: Hypertensive crisis.
2. Brief medical justification: The patient's presentation with sudden onset of severe headache, profuse sweating, and palpitations, accompanied by an elevated blood pressure of 190/110 mmHg, is consistent with a hypertensive crisis. This is a medical emergency requiring immediate attention to prevent potential complications, such as cerebral hemorrhage, heart failure, or renal damage. The sudden onset and severity of symptoms, as well as the patient's blood pressure, suggest an acute hypertensive crisis, which is a medical emergency requiring immediate treatment. 

Note: I will provide a comprehensive analysis and management plan in my next response. 

Please let me know if you have any questions or if you would",9.25,0.7761353850364685,0,0.029540376524294636,0,1,1
Case_002_Pheochromocytoma_Attempt_07,Endocrinology,Pheochromocytoma,"1. **Main diagnostic suspicion**: The main diagnostic suspicion is a **Pheochromocytoma**.

2. **Brief medical justification**: The patient's symptoms are consistent with paroxysmal hypertension, which is a classic presentation of pheochromocytoma. The sudden episodes of throbbing headache, profuse sweating, and severe palpitations, accompanied by hypertension (190/110 mmHg), strongly suggest the presence of a catecholamine-secreting tumor. The patient's symptoms are consistent with the sudden release of catecholamines, which can cause these symptoms. Further diagnostic tests, such as a 24-hour urine collection for catecholamine metabolites and imaging studies (e.g., CT",9.3,0.8448068499565125,1,0.029540376524294636,1,1,1
Case_002_Pheochromocytoma_Attempt_08,Endocrinology,Pheochromocytoma,"1. Main diagnostic suspicion: The patient is experiencing a hypertensive crisis, specifically a hypertensive emergency, likely caused by a primary hypertensive disorder or secondary to another condition such as pheochromocytoma, renovascular disease, or medication-induced hypertension.

2. Brief medical justification: The patient's symptoms, including severe hypertension, throbbing headache, and palpitations, suggest a hypertensive crisis. The sudden onset and duration of the episodes, as well as the severity of blood pressure elevation, are consistent with a hypertensive emergency. The presence of sweating may indicate sympathetic nervous system activation, which is common in hypertensive crises. The patient's age and the fact that this is a first-time presentation increase the likelihood of a primary hypert",9.4,0.8394901156425476,1,0.029540376524294636,1,1,1
Case_002_Pheochromocytoma_Attempt_09,Endocrinology,Pheochromocytoma,"1. Main diagnostic suspicion: Pheochromocytoma.
2. Brief medical justification: The patient's sudden onset of throbbing headache, profuse sweating, and severe palpitations, along with the blood pressure elevation, suggest the possibility of an endocrine emergency. Pheochromocytoma, a rare tumor of the adrenal gland, can cause paroxysmal hypertension, palpitations, and sweating due to the excessive production of catecholamines. The sudden onset and short duration of the episodes, as well as the patient's age, also support this diagnosis. Further evaluation, including imaging studies and biochemical tests, would be necessary to confirm the diagnosis. 

Additional comments: The patient's symptoms are consistent with the classic",9.43,0.8458017110824585,1,0.029540376524294636,1,1,1
Case_002_Pheochromocytoma_Attempt_10,Endocrinology,Pheochromocytoma,"1. Main diagnostic suspicion: Hypertensive crisis.

2. Brief medical justification: The patient's presentation of sudden-onset, severe headache, profuse sweating, and palpitations, along with a blood pressure of 190/110 mmHg, is highly suggestive of a hypertensive crisis. This diagnosis is supported by the sudden onset of symptoms, which is consistent with the acute rise in blood pressure. The patient's age and lack of prior history of hypertension do not rule out the possibility of a hypertensive crisis, as it can occur in individuals with previously controlled hypertension or in those without a prior history of hypertension. The presence of severe hypertension, along with the patient's symptoms, warrants immediate attention and further evaluation to determine the underlying cause",9.39,0.7700745463371277,0,0.029540376524294636,0,1,1
Case_003_Endocarditis_Attempt_01,Infectious Diseases/Cardiology,Infective Endocarditis,"1. Main diagnostic suspicion: Infective Endocarditis (IE) with possible septic embolization to the skin (Janeway lesions).

2. Brief medical justification: The patient's presentation with intermittent fever, new heart murmur, and Janeway lesions suggests a diagnosis of Infective Endocarditis. As an intravenous drug user, the patient is at risk for bacterial endocarditis, particularly caused by Staphylococcus aureus or Streptococcus viridans. The fever and heart murmur are indicative of endocardial inflammation, while the Janeway lesions on the palms are a sign of septic embolization, which is a complication of IE. The patient's history of intravenous drug use increases the",9.26,0.8448959589004517,1,0.029540376524294636,1,1,0
Case_003_Endocarditis_Attempt_02,Infectious Diseases/Cardiology,Infective Endocarditis,"**1. Main diagnostic suspicion:**
Osteomyelitis caused by Candida albicans, complicated by endocarditis.

**2. Brief medical justification:**
The patient's history of intravenous drug use, intermittent fever, and appearance of new heart murmur suggest an opportunistic infection, likely caused by Candida albicans, which is a common pathogen in IV drug users. The development of Janeway lesions on the palms, a characteristic feature of endocarditis, supports this suspicion. The patient's symptoms are consistent with osteomyelitis, which can occur as a complication of Candida albicans infection, especially in immunocompromised individuals. The presence of a heart murmur further supports the diagnosis of endocarditis",9.35,0.8291734457015991,1,0.029540376524294636,0,1,1
Case_003_Endocarditis_Attempt_03,Infectious Diseases/Cardiology,Infective Endocarditis,"1. Main diagnostic suspicion:
Osteomyelitis (bone infection) secondary to endocarditis (infection of the heart valves) caused by Streptococcus aureus.

2. Brief medical justification:
The combination of intermittent fever, new heart murmur, and Janeway lesions strongly suggests endocarditis, an inflammatory response to infection of the heart valves. The presence of Janeway lesions on the palms is a classic sign of bacterial endocarditis. The patient's history of intravenous drug use increases the likelihood of an opportunistic infection. Osteomyelitis, a potential complication of endocarditis, may be contributing to the patient's symptoms. The presence of a heart murmur and the patient's age (35 years",9.32,0.8357769250869751,1,0.029540376524294636,0,1,1
Case_003_Endocarditis_Attempt_04,Infectious Diseases/Cardiology,Infective Endocarditis,"1. Main diagnostic suspicion: Endocarditis (likely caused by Staphylococcus aureus) with septic embolization to the skin, resulting in Janeway lesions.

2. Brief medical justification: The combination of intermittent fever, new heart murmur, and Janeway lesions strongly suggests endocarditis, a condition where bacteria colonize and infect the inner layers of the heart valves. The patient's history of intravenous drug use increases the likelihood of Staphylococcus aureus infection, which can cause septic embolization to the skin, resulting in the characteristic Janeway lesions. The presence of a heart murmur further supports this diagnosis, as it is a common finding in patients with endocarditis. The intermittent",9.35,0.8287258148193359,1,0.029540376524294636,0,1,0
Case_003_Endocarditis_Attempt_05,Infectious Diseases/Cardiology,Infective Endocarditis,"1. Main diagnostic suspicion: Endocarditis with possible septic embolization.

2. Brief medical justification: The patient's history of intravenous drug use increases the risk of endocarditis, a serious infection of the heart valves. The intermittent fever and new heart murmur suggest a bacterial infection, likely caused by a septic embolic event. The appearance of Janeway lesions on the palms is a common sign of septic embolization, which can occur when bacteria from the bloodstream travel to the skin, causing small, reddish lesions. This combination of symptoms strongly suggests the diagnosis of endocarditis with possible septic embolization. Immediate medical attention is required to prevent serious complications and potential mortality. 

Please let me know",9.23,0.8336381316184998,1,0.029540376524294636,0,1,0
Case_003_Endocarditis_Attempt_06,Infectious Diseases/Cardiology,Infective Endocarditis,"1. Main diagnostic suspicion: Infective Endocarditis (IE) with possible secondary complications, such as septic embolism and disseminated intravascular coagulation (DIC).
2. Brief medical justification: The patient's history of intravenous drug use and intermittent fever suggest an underlying infectious process. The appearance of new heart murmur and Janeway lesions, which are typically seen in patients with IE, are indicative of a cardiac infection. The presence of small reddish lesions on the palms (Janeway lesions) is a classic sign of IE, often seen in patients with left-sided endocarditis. The patient's symptoms and physical examination findings are consistent with a diagnosis of IE, which requires prompt medical attention to prevent serious complications and",9.38,0.8448477387428284,1,0.029540376524294636,1,1,0
Case_003_Endocarditis_Attempt_07,Infectious Diseases/Cardiology,Infective Endocarditis,"1. Main diagnostic suspicion: Infective Endocarditis (IE) with possible underlying Osteomyelitis, caused by a Staphylococcus aureus (S. aureus) infection.
2. Brief medical justification:
The patient's presentation of intermittent fever, new heart murmur, and Janeway lesions strongly suggests Infective Endocarditis (IE). The presence of small reddish lesions on the palms (Janeway lesions) is a classic sign of IE, indicating septic emboli to the skin. The patient's history of intravenous drug use increases the risk of IE, particularly with S. aureus. The combination of endocarditis and possible underlying Osteomyelitis is also supported by the patient's symptoms",9.34,0.8490831851959229,1,0.029540376524294636,1,1,1
Case_003_Endocarditis_Attempt_08,Infectious Diseases/Cardiology,Infective Endocarditis,"1. Main diagnostic suspicion: Endocarditis, likely caused by Staphylococcus aureus or other skin flora.

2. Brief medical justification: The combination of intermittent fever, new heart murmur, and Janeway lesions on the palms suggests a systemic infection, likely caused by bacteremia. The presence of a heart murmur and skin lesions are classic manifestations of endocarditis, a common complication of intravenous drug use. The lesions on the palms, known as Janeway lesions, are a classic sign of endocarditis, caused by embolization of infected vegetation from the heart valves. The patient's history of intravenous drug use increases the likelihood of an injection-related infection, which may have seeded the heart valves. The likely",9.38,0.8296387195587158,1,0.029540376524294636,0,1,0
Case_003_Endocarditis_Attempt_09,Infectious Diseases/Cardiology,Infective Endocarditis,"**Main diagnostic suspicion:**
Endocarditis, likely caused by Staphylococcus aureus infection.

**Brief medical justification:**
The patient's presentation, including intermittent fever, new heart murmur, and Janeway lesions, is consistent with endocarditis. The history of intravenous drug use increases the risk of infection with Staphylococcus aureus, a common pathogen responsible for endocarditis. The development of a new heart murmur suggests damage to the endocardium, which is a common complication of Staphylococcus aureus endocarditis. The presence of Janeway lesions on the palms is a classic sign of endocarditis, often seen in cases of Staphylococcus aureus infection",9.29,0.8371716737747192,1,0.029540376524294636,0,1,0
Case_003_Endocarditis_Attempt_10,Infectious Diseases/Cardiology,Infective Endocarditis,"1. Main diagnostic suspicion: Endocarditis with possible septic embolization.

2. Brief medical justification: The patient's history of intravenous drug use increases the risk of developing endocarditis, particularly with Gram-positive organisms. The intermittent fever and small reddish lesions on the palms (Janeway lesions) are common manifestations of septicemia, which can occur as a result of endocarditis. The new heart murmur suggests a possible vegetation on the valve, which can be a complication of endocarditis. The combination of these clinical findings strongly suggests that the patient has developed endocarditis, likely caused by a Gram-positive organism such as Staphylococcus aureus or Streptococcus viridans. Further evaluation",9.38,0.8356651663780212,1,0.029540376524294636,0,1,0
Case_004_Myasthenia_Attempt_01,Neurology,Myasthenia Gravis,"1. Main diagnostic suspicion: Myasthenia gravis (MG).

2. Brief medical justification: The patient's symptoms of diplopia, ptosis, and difficulty swallowing solids are consistent with a neuromuscular disorder, such as MG. MG is an autoimmune disease that affects the communication between nerve and muscle cells, leading to muscle weakness. The exacerbation of symptoms at the end of the day or after prolonged activity is a common feature of MG, as it is often triggered by fatigue and stress. The difficulty swallowing solids, known as dysphagia, is a common manifestation of MG, as the muscles involved in swallowing can be affected. The patient's symptoms warrant further investigation, including a thorough physical examination, laboratory tests,",9.36,0.8286763429641724,1,0.029540376524294636,1,1,0
Case_004_Myasthenia_Attempt_02,Neurology,Myasthenia Gravis,"1. Main diagnostic suspicion: Myasthenia Gravis (MG).

2. Brief medical justification: The patient's symptoms, including diplopia, ptosis, and difficulty swallowing solids, are consistent with a neuromuscular disorder. The worsening of symptoms at the end of the day or after reading for a while suggests a fatigability pattern, which is a hallmark feature of MG. The presence of ptosis, a characteristic symptom of MG, also supports this diagnosis. The difficulty swallowing solids may be related to the involvement of the pharyngeal and esophageal muscles, which are commonly affected in MG patients. The patient's age, 32 years, is also within the typical age range for MG onset. A thorough",9.37,0.8464893102645874,1,0.029540376524294636,1,1,0
Case_004_Myasthenia_Attempt_03,Neurology,Myasthenia Gravis,"**Main diagnostic suspicion:** Thyroid eye disease (TED) with orbital compression and compression of the swallowing pathway.

**Brief medical justification:** The patient's symptoms of diplopia, ptosis, and difficulty swallowing solids are consistent with orbital compression, which is a common manifestation of TED. The worsening of symptoms at the end of the day or after reading for a while suggests that the patient may have a condition that affects her orbital anatomy, such as TED. The involvement of the swallowing pathway is also consistent with the compression of the hypopharynx and upper esophageal sphincter, which is a common complication of TED. A thorough physical examination, including assessment of the thyroid gland and orbital anatomy, as well as imaging studies such as MRI",9.3,0.7647510170936584,0,0.029540376524294636,0,1,0
Case_004_Myasthenia_Attempt_04,Neurology,Myasthenia Gravis,"1. Main diagnostic suspicion: Myasthenia Gravis (MG).

2. Brief medical justification: The patient's symptoms, including diplopia, ptosis, and difficulty swallowing, are consistent with the characteristic presentation of MG, an autoimmune disorder affecting the neuromuscular junction. The exacerbation of symptoms at the end of the day or after prolonged activities (e.g., reading) suggests a cholinergic receptor blockade, which is a hallmark feature of MG. The patient's difficulties with swallowing solids also supports the diagnosis, as MG can cause dysphagia due to impaired neuromuscular transmission. The combination of these symptoms and the patient's young age, which is a common age range for MG onset, warrants further investigation",9.37,0.8466421961784363,1,0.029540376524294636,1,1,0
Case_004_Myasthenia_Attempt_05,Neurology,Myasthenia Gravis,"**Main diagnostic suspicion:** Myasthenia Gravis (MG) with possible ocular and bulbar involvement.

**Brief medical justification:** The patient's symptoms of diplopia, ptosis, and difficulty swallowing solids are consistent with the clinical presentation of Myasthenia Gravis. MG is an autoimmune disorder characterized by the production of antibodies against acetylcholine receptors at the neuromuscular junction, leading to muscle weakness. The worsening of symptoms at the end of the day or after prolonged physical activity (e.g., reading) is consistent with the typical pattern of worsening of MG symptoms with increasing fatigue. The involvement of the ocular and bulbar muscles, as evidenced by diplopia, ptosis, and difficulty swallowing solids",9.4,0.8314722180366516,1,0.029540376524294636,1,1,0
Case_004_Myasthenia_Attempt_06,Neurology,Myasthenia Gravis,"**Main Diagnostic Suspicion:** Thyroid eye disease (TED) with possible compression of the oculomotor nerve.

**Medical Justification:** The patient's symptoms of diplopia, ptosis, and difficulty swallowing solids are consistent with TED, an autoimmune disorder that affects the thyroid gland and its orbital extensions. The worsening of symptoms at the end of the day or after reading may indicate increased orbital pressure or compression of the oculomotor nerve due to thyroid eye disease. The difficulty swallowing solids suggests potential compression of the pharynx or esophagus, which is a common complication of TED. The combination of these symptoms warrants further evaluation and management by an ophthalmologist and an endocrinologist to rule out other possible causes and initiate",9.44,0.7640036940574646,0,0.029540376524294636,0,1,0
Case_004_Myasthenia_Attempt_07,Neurology,Myasthenia Gravis,"1. Main diagnostic suspicion: Myasthenia gravis (MG) with possible involvement of the oculomotor and bulbar muscles.
2. Brief medical justification: The patient's symptoms of diplopia, ptosis, and difficulty swallowing solids, particularly worsening at the end of the day or after prolonged activities, are consistent with MG. MG is an autoimmune disorder characterized by muscle weakness and fatigability, often affecting the ocular and bulbar muscles. The patient's symptoms, particularly the fluctuating nature of her symptoms, are also consistent with MG. A thorough medical history, physical examination, and diagnostic testing (e.g., acetylcholine receptor antibody titers, electromyography) would be necessary to confirm the diagnosis",9.34,0.8282518982887268,1,0.029540376524294636,1,1,0
Case_004_Myasthenia_Attempt_08,Neurology,Myasthenia Gravis,"1. Main diagnostic suspicion: Thyroid-related orbitalopathy (TR-O).

2. Brief medical justification: The patient's symptoms of diplopia, ptosis, and difficulty swallowing solids are consistent with TR-O, a common complication of thyroid disorders. TR-O is characterized by inflammation and fibrosis of extraocular muscles, leading to mechanical restriction of eye movements and eyelid drooping. The worsening of symptoms at the end of the day or after reading suggests a possible link to thyroid hormone fluctuations, which can exacerbate TR-O. The patient's age and the presence of thyroid-related symptoms warrant further evaluation for TR-O, including ophthalmological examination, thyroid function tests, and imaging studies. A comprehensive approach will help establish an accurate diagnosis and guide",9.39,0.77211594581604,0,0.029540376524294636,0,1,0
Case_004_Myasthenia_Attempt_09,Neurology,Myasthenia Gravis,"**Main diagnostic suspicion:**
Myasthenia Gravis (MG)

**Brief medical justification:**
The patient's symptoms of diplopia, ptosis, and difficulty swallowing suggest a neuromuscular disorder affecting the ocular and bulbar muscles. The fluctuating nature of these symptoms, particularly worsening at the end of the day or after prolonged activity, is consistent with the characteristic pattern of MG. The involvement of multiple muscle groups, including extraocular, eyelid, and pharyngeal muscles, further supports this diagnosis. The patient's age, being in the 3rd decade of life, is also consistent with the typical age range of MG onset. A thorough evaluation, including electrodiagnostic testing (e.g., electrom",9.41,0.8466851711273193,1,0.029540376524294636,1,1,0
Case_004_Myasthenia_Attempt_10,Neurology,Myasthenia Gravis,"**Main diagnostic suspicion:**
Myasthenia gravis (MG).

**Brief medical justification:**
The patient's symptoms are consistent with myasthenia gravis, a chronic autoimmune disorder characterized by muscle weakness and fatigue. The diplopia and ptosis suggest involvement of the extraocular muscles and levator palpebrae superioris, respectively. The worsening of symptoms at the end of the day or after prolonged activities (e.g., reading) is consistent with the known exacerbation of MG symptoms due to muscle fatigue. The difficulty swallowing solids, a common manifestation of MG, may be attributed to weakness of the pharyngeal muscles and/or the esophageal sphincter. The patient's symptoms are not typical of other",9.38,0.8182348012924194,1,0.029540376524294636,1,1,0
Case_005_Embolism_Attempt_01,Pulmonology,Pulmonary Thromboembolism (PTE),"1. Main diagnostic suspicion: Acute Pulmonary Embolism (APE) or Pulmonary Infarction (PI) secondary to Deep Vein Thrombosis (DVT) or Fat Embolism Syndrome (FES) following hip surgery.

2. Brief medical justification: The sudden onset of dyspnea, pleuritic chest pain, and tachycardia in a patient who has undergone recent surgery are concerning features for APE or PI. The patient's age, surgical procedure, and potential for DVT or FES increase the likelihood of this diagnosis. The absence of fever suggests a non-septic embolic event. The combination of symptoms and risk factors warrant prompt evaluation and management for a potential life-threatening condition",9.36,0.8511784672737122,1,0.029540376524294636,0,1,0
Case_005_Embolism_Attempt_02,Pulmonology,Pulmonary Thromboembolism (PTE),"1. Main diagnostic suspicion: Pulmonary embolism (PE) with possible right ventricular strain (RV strain) and acute cor pulmonale.

2. Brief medical justification: The patient's sudden onset dyspnea, pleuritic chest pain, and tachycardia suggest a pulmonary embolism, which is a common complication of immobility and surgery. The patient's history of hip surgery 10 days ago increases the risk of developing a deep vein thrombosis (DVT), which can embolize to the lungs, causing a PE. The pleuritic chest pain is consistent with the inflammation and irritation caused by the embolism in the lung parenchyma. The tachycardia",9.26,0.842677652835846,1,0.029540376524294636,0,1,0
Case_005_Embolism_Attempt_03,Pulmonology,Pulmonary Thromboembolism (PTE),"1. Main diagnostic suspicion: Pulmonary embolism (PE) with a possible underlying respiratory compromise, such as atelectasis or pneumonia.

2. Brief medical justification: The patient's symptoms, including sudden onset dyspnea, pleuritic chest pain, and tachycardia, are consistent with a pulmonary embolism. The recent hip surgery and immobilization increase the risk of deep vein thrombosis (DVT) and PE. The lack of fever and other signs of infection suggest that the patient's symptoms are primarily related to a cardiorespiratory condition rather than an infectious process. The presence of atelectasis or pneumonia could also contribute to the patient's symptoms, but the patient's tachycardia",9.38,0.8400728106498718,1,0.029540376524294636,0,1,1
Case_005_Embolism_Attempt_04,Pulmonology,Pulmonary Thromboembolism (PTE),"1. Main diagnostic suspicion: Acute Pulmonary Embolism (APE) or Pulmonary Infarction.

2. Brief medical justification: The patient's sudden onset dyspnea, pleuritic chest pain, and tachycardia suggest a possible embolic event in the pulmonary vasculature. The patient's recent hip surgery increases the risk of venous thromboembolism (VTE), making APE or Pulmonary Infarction a strong diagnostic consideration. The absence of fever and other constitutional symptoms, such as cough or hemoptysis, does not rule out this diagnosis. The patient's symptoms are consistent with a possible large embolism causing significant respiratory distress and chest pain. A prompt evaluation and management plan",9.35,0.8546045422554016,1,0.029540376524294636,0,1,0
Case_005_Embolism_Attempt_05,Pulmonology,Pulmonary Thromboembolism (PTE),"1. Main diagnostic suspicion: Pulmonary embolism (PE) with possible concurrent pneumonia.

2. Brief medical justification: The patient's sudden onset dyspnea, pleuritic chest pain, and tachycardia are all consistent with a pulmonary embolism. The recent hip surgery increases the risk of deep vein thrombosis (DVT) and subsequent PE. The absence of fever suggests that the patient may not have a concurrent bacterial pneumonia, but it is still a possibility given the pleuritic chest pain. A thorough evaluation, including imaging studies and laboratory tests, is necessary to confirm the diagnosis and rule out other potential causes of the patient's symptoms. 

Please let me know if you'd like me to elaborate or",9.4,0.8357917070388794,1,0.029540376524294636,0,1,1
Case_005_Embolism_Attempt_06,Pulmonology,Pulmonary Thromboembolism (PTE),"1. Main diagnostic suspicion: Pulmonary embolism (PE) with possible underlying pleurisy.

2. Brief medical justification: The patient's sudden onset dyspnea, chest pain with deep inspiration (pleuritic), and tachycardia are all consistent with a pulmonary embolism, which is a common complication following hip surgery. The absence of fever suggests that the patient may not have a concurrent pneumonia. The patient's history of hip surgery and the timing of the symptoms, which are sudden in onset, increase the likelihood of a PE. The pleuritic chest pain and dyspnea also suggest possible underlying pleurisy, which is a common complication of PE. A thorough evaluation, including imaging studies such as a",9.27,0.8264565467834473,1,0.029540376524294636,0,1,1
Case_005_Embolism_Attempt_07,Pulmonology,Pulmonary Thromboembolism (PTE),"1. Main diagnostic suspicion: Pulmonary embolism (PE) with a possible component of pleurisy.

2. Brief medical justification: The patient's sudden onset of dyspnea, pleuritic chest pain, and tachycardia are consistent with a pulmonary embolism (PE), which is a common complication after hip surgery. The fact that the patient has no fever suggests that the presentation is not due to a secondary bacterial infection. The pleuritic chest pain, which worsens with deep inspiration, is a characteristic feature of a PE, particularly in the setting of a recent surgical procedure. The patient's tachycardia is also consistent with a PE, which can cause a significant increase in cardiac output.",9.42,0.8354666829109192,1,0.029540376524294636,0,1,0
Case_005_Embolism_Attempt_08,Pulmonology,Pulmonary Thromboembolism (PTE),"1. Main diagnostic suspicion: Pneumothorax (spontaneous or post-procedure related) with potential tension physiology.
2. Brief medical justification: The patient's sudden onset dyspnea, pleuritic chest pain, and tachycardia suggest a respiratory emergency. The recent hip surgery and lack of fever suggest a potential post-procedure complication. A pneumothorax, either spontaneous or related to the surgical procedure, is a plausible explanation. The patient's symptoms worsen with deep inspiration, indicating a possible tension physiology, which necessitates immediate attention. A chest X-ray or computed tomography (CT) scan would be necessary to confirm the diagnosis and rule out other possible causes. Prompt treatment, including oxygen therapy,",9.32,0.8114933967590332,0,0.029540376524294636,0,1,0
Case_005_Embolism_Attempt_09,Pulmonology,Pulmonary Thromboembolism (PTE),"**1. Main diagnostic suspicion:**
Acute pulmonary embolism (PE) with possible underlying venous thromboembolism (VTE) related to recent hip surgery.

**2. Brief medical justification:**
The patient's sudden onset dyspnea, pleuritic chest pain, and tachycardia are classic symptoms of acute pulmonary embolism. The history of recent hip surgery and the presence of VTE, which is a well-known complication of orthopedic procedures, support this suspicion. The lack of fever and the patient's age also favor this diagnosis over other possible causes of pleuritic chest pain. Further evaluation, including computed tomography pulmonary angiography (CTPA) or ventilation-perfusion scint",9.34,0.85335773229599,1,0.029540376524294636,0,1,0
Case_005_Embolism_Attempt_10,Pulmonology,Pulmonary Thromboembolism (PTE),"1. Main diagnostic suspicion: Pulmonary embolism (PE).

2. Brief medical justification: The sudden onset of dyspnea, pleuritic chest pain, and tachycardia in the context of recent hip surgery suggest a high likelihood of pulmonary embolism (PE). The patient's symptoms are consistent with a saddle-shaped embolism, which can cause sudden and severe respiratory distress. The absence of fever and the patient's age, which increases the risk of venous thromboembolism (VTE), further support this diagnosis. A prompt evaluation and treatment are necessary to prevent potential life-threatening complications. 

Please note that this is a hypothetical case, and actual patient data should be used to guide diagnosis and treatment",9.3,0.8502993583679199,1,0.029540376524294636,0,1,0
Case_006_Lyme_Attempt_01,Infectious Diseases,Lyme Disease,"1. Main diagnostic suspicion: Lyme disease (Borrelia burgdorferi infection).

2. Brief medical justification: The patient's symptoms, including fever, myalgias, and a target-shaped skin lesion (erythema migrans), are highly suggestive of Lyme disease, a tick-borne illness caused by B. burgdorferi. The patient's history of frequent camping and the presence of an expanding erythema migrans lesion on the thigh, a classic feature of early Lyme disease, strongly support this diagnosis. The lack of significant pain or itching also supports this diagnosis, as these symptoms are typically not prominent in the early stages of Lyme disease. A thorough medical history, physical examination, and laboratory testing (e",9.27,0.8120940327644348,1,0.029540376524294636,1,1,0
Case_006_Lyme_Attempt_02,Infectious Diseases,Lyme Disease,"1. Main diagnostic suspicion: Lyme disease (Borrelia burgdorferi infection).
2. Brief medical justification: The combination of fever, myalgias, and an expanding target-shaped skin lesion (erythema migrans) on the thigh, without significant pain or itching, is a classic presentation of Lyme disease, a tick-borne illness caused by B. burgdorferi. The patient's history of frequent camping, where exposure to ticks is common, further supports this suspicion. The erythema migrans lesion is a hallmark of Lyme disease, and its development over time, without significant pain or itching, is consistent with the disease's progression. The absence of other symptoms, such as headache, stiff neck,",9.3,0.8099113702774048,1,0.029540376524294636,1,1,0
Case_006_Lyme_Attempt_03,Infectious Diseases,Lyme Disease,"1. Main diagnostic suspicion: Lyme disease (Borrelia burgdorferi infection).

2. Brief medical justification: The patient's presentation, including fever, myalgias, and an expanding target-shaped skin lesion (erythema migrans) on the thigh, is highly suggestive of Lyme disease. This is a classic presentation of erythema migrans, which is a hallmark symptom of early Lyme disease. The patient's frequent camping, which likely exposes him to ticks, further supports this diagnosis. Lyme disease is a tick-borne illness caused by the bacterium Borrelia burgdorferi, and the patient's symptoms are consistent with the early stages of the disease. A thorough physical examination, medical history, and",9.33,0.8156031370162964,1,0.029540376524294636,1,1,0
Case_006_Lyme_Attempt_04,Infectious Diseases,Lyme Disease,"1. Main diagnostic suspicion: Lyme disease (Borrelia burgdorferi infection).

2. Brief medical justification: The patient's symptoms of fever, myalgias, and an expanding target-shaped skin lesion (erythema migrans) are consistent with Lyme disease, a tick-borne illness caused by Borrelia burgdorferi. The erythema migrans lesion is a classic manifestation of early Lyme disease, and the patient's lack of significant pain or itching supports this diagnosis. The patient's frequent camping activities and exposure to ticks increase the likelihood of tick-borne transmission. A comprehensive physical examination, laboratory tests (e.g., ELISA, Western blot), and patient history will be necessary to confirm the diagnosis",9.23,0.814496636390686,1,0.029540376524294636,1,1,0
Case_006_Lyme_Attempt_05,Infectious Diseases,Lyme Disease,"1. Main diagnostic suspicion: Lyme disease (Borrelia burgdorferi infection).
2. Brief medical justification: The patient's symptoms, including fever, myalgias, and an expanding target-shaped skin lesion (erythema migrans), are consistent with the classic presentation of Lyme disease, a tick-borne illness. The lesion's location on the thigh, without significant pain or itching, is also consistent with this diagnosis. The patient's history of frequent camping further increases the likelihood of tick exposure. Lyme disease is a common infection in the United States, and prompt diagnosis and treatment can prevent long-term sequelae. 

Note: This is a classic case of Lyme disease, and the patient should be treated promptly with antibiotics to",9.29,0.8140367269515991,1,0.029540376524294636,1,1,0
Case_006_Lyme_Attempt_06,Infectious Diseases,Lyme Disease,"1. Main diagnostic suspicion: Lyme disease (Borrelia burgdorferi infection).

2. Brief medical justification: The patient's history of frequent camping, combined with the presence of an erythema migrans lesion on the thigh, strongly suggests a tick-borne illness, specifically Lyme disease. The target-shaped skin lesion is a characteristic symptom of erythema migrans, which is often seen in early stages of Lyme disease. The lack of significant pain or itching is also consistent with this diagnosis. The patient's age and outdoor activities further support the suspicion of Lyme disease. A thorough physical examination and laboratory testing (e.g., ELISA, Western blot) would be necessary to confirm the diagnosis and guide treatment. 

Please provide",9.36,0.8106447458267212,1,0.029540376524294636,1,1,0
Case_006_Lyme_Attempt_07,Infectious Diseases,Lyme Disease,"1. Main diagnostic suspicion: Lyme disease (Borrelia burgdorferi infection).

2. Brief medical justification: The patient's presentation with fever, myalgias, and an expanding target-shaped skin lesion (erythema migrans) on the thigh is highly suggestive of Lyme disease, a tick-borne illness caused by B. burgdorferi. The target-shaped lesion is a classic manifestation of erythema migrans, a hallmark of early Lyme disease. The absence of significant pain or itching supports the diagnosis, as these symptoms are not typically associated with erythema migrans. The patient's history of frequent camping also increases the likelihood of exposure to ticks, the primary vectors of B. burgdorfer",9.29,0.8091334700584412,1,0.029540376524294636,1,1,0
Case_006_Lyme_Attempt_08,Infectious Diseases,Lyme Disease,"1. Main diagnostic suspicion: Lyme disease (Borrelia burgdorferi infection).
2. Brief medical justification: The patient's presentation, including the fever, myalgias, and erythema migrans, is highly consistent with Lyme disease, which is a tick-borne illness. The target-shaped lesion is a classic finding in early Lyme disease, and the absence of significant pain or itching further supports this diagnosis. Lyme disease is endemic in many areas, and the patient's history of frequent camping increases the likelihood of exposure to infected ticks. The expanding nature of the skin lesion is also consistent with the early stages of erythema migrans, which is a hallmark of Lyme disease. A comprehensive physical examination, complete blood count",9.2,0.8134899139404297,1,0.029540376524294636,1,1,0
Case_006_Lyme_Attempt_09,Infectious Diseases,Lyme Disease,"**Main diagnostic suspicion:** Lyme disease.

**Brief medical justification:** The combination of fever, myalgias, and an expanding target-shaped skin lesion (erythema migrans) on the thigh, without significant pain or itching, is highly suggestive of Lyme disease, a tick-borne illness caused by Borrelia burgdorferi. The patient's history of frequent camping also increases the likelihood of tick exposure. The erythema migrans rash is a classic clinical manifestation of early Lyme disease, often seen in the first 3-30 days after tick bite. The absence of significant pain or itching is also consistent with Lyme disease, as these symptoms are often absent or mild in the early stages of the disease. A thorough medical history",9.29,0.8086195588111877,1,0.029540376524294636,1,1,0
Case_006_Lyme_Attempt_10,Infectious Diseases,Lyme Disease,"1. Main diagnostic suspicion: Lyme disease (Borrelia burgdorferi infection).

2. Brief medical justification: The patient's symptoms, including fever, myalgias, and an expanding target-shaped skin lesion (erythema migrans) on the thigh, are highly suggestive of Lyme disease, a tick-borne infection. The lesion's characteristic target shape, with a central erythematous patch and expanding, annular erythema, is a classic feature of erythema migrans, a hallmark of Lyme disease. The patient's history of frequent camping, where tick exposure is common, further supports this diagnosis. Lyme disease is a common and potentially serious infection in the United States, and prompt diagnosis and treatment are",9.31,0.8102666139602661,1,0.029540376524294636,1,1,0
Case_007_Sclerosis_Attempt_01,Neurology,Multiple Sclerosis,"**Main diagnostic suspicion:**
Multiple Sclerosis (MS)

**Brief medical justification:**
This patient's presentation with acute onset of painful optic neuritis in one eye, accompanied by a history of previous episode of tingling in both legs, is highly suspicious for Multiple Sclerosis. The patient's age, 25, is within the typical age range for MS diagnosis. The acute onset of optic neuritis is a classic symptom of MS, and the presence of a previous episode of paresthesia in both legs is consistent with the disease's propensity for demyelinating lesions in the central nervous system. The fact that the previous episode resolved on its own does not rule out MS, as MS can present with asymptomatic lesions, and the",9.31,0.8269719481468201,1,0.029540376524294636,1,1,1
Case_007_Sclerosis_Attempt_02,Neurology,Multiple Sclerosis,"1. Main diagnostic suspicion:
The main diagnostic suspicion in this case is Multiple Sclerosis (MS).

2. Brief medical justification:
The patient's history of tingling in both legs, which resolved spontaneously, is a significant clue. MS is an autoimmune disorder that affects the central nervous system (CNS) and can cause relapses of demyelination. The patient's presentation of optic neuritis, which is a common initial symptom of MS, suggests that she may have a relapsing-remitting form of the disease. The rapid onset of symptoms and the lack of any other apparent causes of optic neuritis, such as trauma or infection, support the suspicion of MS. Further diagnostic testing, such as magnetic resonance imaging (MRI)",9.25,0.8310266733169556,1,0.029540376524294636,1,1,1
Case_007_Sclerosis_Attempt_03,Neurology,Multiple Sclerosis,"1. Main diagnostic suspicion: Multiple Sclerosis (MS) with relapsing-remitting course.
2. Brief medical justification: The patient's presentation of optic neuritis, a common manifestation of MS, along with a previous episode of paresthesia (tingling) in both legs, suggests a possible diagnosis of MS. The rapid onset of symptoms, particularly the development of optic neuritis over a period of 2 days, is consistent with the relapsing-remitting course of MS, where patients experience recurrent episodes of neurological symptoms followed by periods of remission. The patient's young age and the presence of a prior episode of paresthesia further support the diagnosis of MS. A thorough neurological examination, imaging studies (",9.29,0.8280499577522278,1,0.029540376524294636,1,1,1
Case_007_Sclerosis_Attempt_04,Neurology,Multiple Sclerosis,"**Main diagnostic suspicion:**
Multiple sclerosis (MS)

**Medical justification:**
The patient's history of painful vision loss in the left eye, with a short duration of 2 days, is consistent with optic neuritis, which can be a presenting symptom of multiple sclerosis. The presence of a previous episode of tingling in both legs, which resolved spontaneously, suggests that the patient may be at risk of developing MS. MS is a chronic autoimmune disease that affects the central nervous system, and optic neuritis is a common initial symptom. The short duration of the vision loss and the fact that it is limited to one eye also support the diagnosis of MS. A thorough neurological examination and diagnostic imaging (e.g., MRI) would be necessary to confirm",9.36,0.8038224577903748,1,0.029540376524294636,1,1,1
Case_007_Sclerosis_Attempt_05,Neurology,Multiple Sclerosis,"1. Main diagnostic suspicion: Multiple sclerosis (MS) is the primary diagnostic consideration, given the patient's history of acute optic neuritis and a previous episode of paresthesia (tingling) in both legs, which may be indicative of a demyelinating process.

2. Brief medical justification: The patient's symptoms are consistent with the classic presentation of MS, which often begins with a relapsing-remitting course. The sudden onset of optic neuritis, accompanied by a prior episode of paresthesia, raises the possibility of a demyelinating disease affecting the central nervous system. The patient's young age and the presence of a relapsing course also support the diagnosis of MS. Further evaluation, including magnetic",9.28,0.807111382484436,1,0.029540376524294636,1,1,1
Case_007_Sclerosis_Attempt_06,Neurology,Multiple Sclerosis,"1. Main diagnostic suspicion: Multiple sclerosis (MS).
2. Brief medical justification: The patient's presentation with acute optic neuritis, a common initial symptom of MS, in combination with a previous episode of paresthesia (tingling) in both legs, which is a common symptom of MS, suggests a high likelihood of MS. The patient's young age, the rapid progression of symptoms, and the lack of any clear precipitating factors also support this diagnosis. Although MS is a diagnosis of exclusion, the patient's presentation is consistent with the typical clinical features of MS, and further evaluation and testing are needed to confirm the diagnosis. 

Note: This is an analysis of a complex clinical case. Any medical decision or treatment should be made",9.29,0.8104032278060913,1,0.029540376524294636,1,1,0
Case_007_Sclerosis_Attempt_07,Neurology,Multiple Sclerosis,"1. Main diagnostic suspicion:
Multiple sclerosis (MS).

2. Brief medical justification:
The patient's symptoms of optic neuritis in the left eye, accompanied by a history of tingling in both legs, suggest a diagnosis of multiple sclerosis. The sudden onset of vision loss in the left eye, followed by the resolution of the symptoms, is consistent with an inflammatory demyelinating process, which is a hallmark of MS. The patient's history of tingling in both legs, which resolved spontaneously, is also consistent with the characteristic ""silent"" or ""silent"" MS symptoms, which may not always be accompanied by clear-cut neurological deficits. The patient's age (25 years) and the sudden onset of symptoms are also consistent with the typical presentation",9.21,0.7984805107116699,1,0.029540376524294636,1,1,1
Case_007_Sclerosis_Attempt_08,Neurology,Multiple Sclerosis,"1. Main diagnostic suspicion: Multiple sclerosis (MS).
2. Brief medical justification: The patient's history of tingling in both legs, which resolved spontaneously, raises concern for a demyelinating condition. The sudden onset of painful vision loss in the left eye, consistent with optic neuritis, is a common presentation of MS. The fact that the patient's symptoms are bilateral (tingling in both legs) and affect a different system (sensory) increases the likelihood of an inflammatory, demyelinating disorder like MS. Further evaluation with magnetic resonance imaging (MRI) and a lumbar puncture may be necessary to confirm the diagnosis and assess for any potential lesions or inflammation in the central nervous system. 

Please note that the",9.38,0.8091350793838501,1,0.029540376524294636,1,1,1
Case_007_Sclerosis_Attempt_09,Neurology,Multiple Sclerosis,"**Main diagnostic suspicion:**
Multiple Sclerosis (MS)

**Brief medical justification:**
This patient's presentation with acute onset of optic neuritis, a known symptom of MS, is concerning. The presence of a prior episode of paresthesia in both legs, which is a common initial symptom in many MS patients, supports this suspicion. The rapid progression of the optic neuritis over a short period of 2 days is also consistent with MS. Although the patient has no other symptoms at present, the history of a prior episode and the age of onset (25 years) are both typical for MS. The differential diagnosis should include other conditions that can cause optic neuritis, such as acute demyelinating encephalomyelitis",9.31,0.8216692805290222,1,0.029540376524294636,1,1,1
Case_007_Sclerosis_Attempt_10,Neurology,Multiple Sclerosis,"1. Main diagnostic suspicion: Multiple Sclerosis (MS).

2. Brief medical justification: The patient's history of tingling in both legs, which resolved spontaneously, is a significant risk factor for developing MS. The acute onset of painful vision loss in the left eye (optic neuritis) is a common initial symptom of MS, which can be the first manifestation of the disease. The rapid progression of symptoms over a short period (2 days) is also consistent with the relapsing-remitting course of MS. The patient's age (25) is also within the typical age range for MS onset. A comprehensive diagnostic workup, including magnetic resonance imaging (MRI) of the brain and spine, and possibly lumbar puncture, would",9.36,0.8289323449134827,1,0.029540376524294636,1,1,1
Case_008_Addison_Attempt_01,Endocrinology,Addison's Disease,"1. Main diagnostic suspicion: Primary Hypothyroidism (Hashimoto's Thyroiditis).
2. Brief medical justification: The patient's symptoms, including fatigue, weight loss, and hyperpigmentation, are common manifestations of primary hypothyroidism. The unusual craving for salty foods is also a known symptom in some cases. The low blood pressure is consistent with the known association between hypothyroidism and decreased peripheral resistance. The patient's age and the presence of hyperpigmentation, particularly in the hand folds and gums, are also consistent with primary hypothyroidism, which is often seen in middle-aged individuals and can cause skin hyperpigmentation. 

Note: The patient's symptoms may also be influenced by other factors, and further",9.21,0.814776599407196,0,0.029540376524294636,0,1,1
Case_008_Addison_Attempt_02,Endocrinology,Addison's Disease,"1. Main diagnostic suspicion: Hypothyroidism (Hashimoto's thyroiditis).

2. Brief medical justification: The patient's presenting symptoms, including extreme fatigue, weight loss, and unusual cravings for salty foods, are consistent with hypothyroidism. The hyperpigmentation in the hand folds and gums is also a common feature of this condition. Additionally, the patient's low blood pressure (85/50) is consistent with hypothyroidism, as hypothyroid patients often experience decreased peripheral vascular resistance and decreased cardiac output. The combination of these symptoms, along with the patient's age and sex, makes hypothyroidism the most likely diagnostic suspicion. Further evaluation, including thyroid function tests (TSH, free T4, and",9.4,0.808600902557373,0,0.029540376524294636,0,1,1
Case_008_Addison_Attempt_03,Endocrinology,Addison's Disease,"1. Main diagnostic suspicion: Addison's disease (Primary Adrenocortical Insufficiency).
2. Brief medical justification: The patient's presentation with fatigue, weight loss, and hyperpigmentation in the skin (hand folds and gums) is consistent with Addison's disease. The low blood pressure (85/50) is also a classic finding in this condition. The unusual craving for salty foods may be related to the body's attempt to compensate for the lack of cortisol and aldosterone, as the patient's body tries to retain sodium. The patient's symptoms are consistent with a chronic insufficiency of cortisol and aldosterone, leading to a main diagnostic suspicion of Addison's disease. Further diagnostic testing, including laboratory evaluation of cortisol and ald",9.32,0.8430981636047363,1,0.029540376524294636,1,1,0
Case_008_Addison_Attempt_04,Endocrinology,Addison's Disease,"1. Main diagnostic suspicion: Addison's disease.

2. Brief medical justification: The combination of fatigue, weight loss, and hyperpigmentation in the hand folds and gums suggests a possible diagnosis of Addison's disease. The patient's low blood pressure (85/50) is consistent with the classic presentation of this condition. The unusual craving for salty foods is also a common symptom of Addison's disease, as the body tries to compensate for the lack of cortisol production. The patient's presentation is consistent with the classic triad of symptoms associated with Addison's disease, which includes fatigue, weight loss, and hyperpigmentation. The patient's low blood pressure and lack of cortisol production further support this diagnosis. 

Note: Addison's disease is a rare",9.4,0.838254988193512,1,0.029540376524294636,1,1,0
Case_008_Addison_Attempt_05,Endocrinology,Addison's Disease,"1. Main diagnostic suspicion: Carcinoid syndrome, specifically a gastrointestinal (GI) carcinoid tumor.
2. Brief medical justification: The patient's symptoms of extreme fatigue, weight loss, and unusual craving for salty foods are consistent with carcinoid syndrome. The hyperpigmentation in the hand folds and gums is a common cutaneous manifestation of this condition. The low blood pressure is also a common finding in carcinoid syndrome due to the release of vasoactive substances such as serotonin and histamine. The patient's symptoms are not typical of other common conditions, and the presence of hyperpigmentation in the hand folds and gums suggests a carcinoid syndrome diagnosis. 

Note: Carcinoid syndrome is a rare condition, and the diagnosis requires a",9.22,0.7988891005516052,0,0.029540376524294636,0,1,0
Case_008_Addison_Attempt_06,Endocrinology,Addison's Disease,"**Main diagnostic suspicion:** Hyperthyroidism (Graves' disease or toxic multinodular goiter).

**Brief medical justification:** The patient's symptoms, particularly the extreme fatigue, weight loss, and hyperpigmentation, are consistent with the clinical presentation of hyperthyroidism. The unusual craving for salty foods is a common symptom in this condition. Low blood pressure, which is often seen in hyperthyroidism, is also a key finding. The combination of these symptoms and physical examination findings supports the main diagnostic suspicion of hyperthyroidism, specifically Graves' disease or toxic multinodular goiter. Further evaluation with thyroid function tests (TFTs) and imaging studies (e.g., thyroid scan) would be necessary to confirm",9.33,0.8010668158531189,0,0.029540376524294636,0,1,1
Case_008_Addison_Attempt_07,Endocrinology,Addison's Disease,"1. Main diagnostic suspicion: Carcinoid syndrome, likely related to a small intestine carcinoid tumor.

2. Brief medical justification: The patient's symptoms, including extreme fatigue, weight loss, and unusual cravings, are consistent with carcinoid syndrome. The hyperpigmentation in the hand folds and gums is also a common manifestation of this condition. The low blood pressure is also a common feature of carcinoid syndrome due to the release of serotonin and other hormones by the tumor. The patient's symptoms are not typical of other conditions, such as thyroid disorders or anemia, and the combination of symptoms points towards a diagnosis of carcinoid syndrome, likely related to a small intestine carcinoid tumor. Further evaluation, including imaging studies and biochemical tests, would",9.37,0.7967923283576965,0,0.029540376524294636,0,1,0
Case_008_Addison_Attempt_08,Endocrinology,Addison's Disease,"**Main Diagnostic Suspicion:** Cushing's Syndrome (Hypercortisolism).

**Medical Justification:** The combination of extreme fatigue, weight loss, and unusual craving for salty foods, along with the presence of hyperpigmentation in the hand folds and gums, is highly suggestive of Cushing's Syndrome. The low blood pressure (85/50) is also consistent with this diagnosis. Cushing's Syndrome is a rare endocrine disorder characterized by excessive production of cortisol, often due to a pituitary adenoma or an adrenal gland tumor. The clinical presentation, including the unusual cravings and skin changes, are typical of this condition. Further evaluation, including laboratory tests (e.g., cortisol levels, ACTH levels, and imaging studies)",9.29,0.8217446208000183,0,0.029540376524294636,0,1,0
Case_008_Addison_Attempt_09,Endocrinology,Addison's Disease,"**Main diagnostic suspicion:**
Hypothyroidism (Hashimoto's thyroiditis).

**Brief medical justification:**
The patient's presentation is consistent with a chronic autoimmune thyroiditis, characterized by fatigue, weight loss, and unusual food cravings. The hyperpigmentation in the hand folds and gums is a common manifestation of hypothyroidism. The low blood pressure is also a common finding in hypothyroid patients, likely due to decreased peripheral vascular resistance. The patient's symptoms and physical examination findings are strongly suggestive of an underlying thyroid disorder, specifically Hashimoto's thyroiditis, an autoimmune disease that is the most common cause of hypothyroidism. Further evaluation with laboratory tests, including thyroid function tests (TFTs), would be necessary",9.23,0.8110109567642212,0,0.029540376524294636,0,1,1
Case_008_Addison_Attempt_10,Endocrinology,Addison's Disease,"**Main Diagnostic Suspicion:** Carcinoid syndrome, likely secondary to a gastrointestinal carcinoid tumor.

**Brief Medical Justification:** The patient's presentation, including extreme fatigue, weight loss, and unusual cravings for salty foods, is consistent with carcinoid syndrome. The hyperpigmentation in the hand folds and gums is a classic cutaneous manifestation of the syndrome. The low blood pressure is also a common finding in carcinoid syndrome, often resulting from the release of serotonin and other vasoactive substances by the tumor. The presence of these symptoms, particularly in combination, strongly suggests the presence of a carcinoid tumor, likely located in the gastrointestinal tract. Further evaluation, including imaging studies and tumor marker assessment, would be necessary to confirm the diagnosis and",9.34,0.7978089451789856,0,0.029540376524294636,0,1,0
Case_009_Ectopic_Attempt_01,Gynecology,Ruptured Ectopic Pregnancy,"**Main diagnostic suspicion:**
Ectopic pregnancy with tubal rupture, likely due to a Cornual pregnancy.

**Medical justification:**
The combination of acute abdominal pain in the right iliac fossa, radiating to the right shoulder, and intense dizziness is highly suggestive of a tubal rupture. The missed period for 6 weeks is consistent with an ectopic pregnancy. Cornual pregnancies are relatively rare, accounting for about 10% of ectopic pregnancies. The patient's symptoms are consistent with the rupture of a Cornual pregnancy, which can lead to severe abdominal pain, bleeding, and potentially life-threatening complications. The intense dizziness may be a result of hypovolemic shock due to internal bleeding. Prompt diagnosis and management",9.45,0.8241376280784607,1,0.029540376524294636,0,1,0
Case_009_Ectopic_Attempt_02,Gynecology,Ruptured Ectopic Pregnancy,"1. Main diagnostic suspicion: Right ectopic pregnancy with rupture.
2. Brief medical justification: The combination of a missed period, acute abdominal pain in the right iliac fossa, and radiation of pain to the right shoulder suggests a possible ectopic pregnancy. The patient's symptoms are consistent with a ruptured ectopic pregnancy, which can cause severe abdominal pain, dizziness, and vaginal bleeding. The absence of a palpable uterus and cervix on examination, along with the patient's symptoms, make a diagnosis of right ectopic pregnancy with rupture a strong possibility. Further investigation with imaging studies, such as ultrasound or MRI, would be necessary to confirm the diagnosis and guide treatment. 

Note: This is a simulated case, and any resemblance",9.37,0.8156726956367493,1,0.029540376524294636,0,1,0
Case_009_Ectopic_Attempt_03,Gynecology,Ruptured Ectopic Pregnancy,"1. Main diagnostic suspicion: Ruptured ectopic pregnancy with hemoperitoneum and possible torsion of the fallopian tube.

2. Brief medical justification: The patient's symptoms, including acute abdominal pain, dizziness, and radiating pain to the right shoulder, are consistent with a ruptured ectopic pregnancy. The presence of hemoperitoneum can cause intense abdominal pain, while the torsion of the fallopian tube can lead to radiation of pain to the shoulder. The patient's missed period and acute onset of symptoms further support this diagnosis. Immediate surgical intervention is necessary to prevent further complications and ensure patient safety. 

Please provide your analysis, including any relevant supporting evidence or references. 

I'll be happy to help",9.24,0.823498010635376,1,0.029540376524294636,1,1,0
Case_009_Ectopic_Attempt_04,Gynecology,Ruptured Ectopic Pregnancy,"1. Main diagnostic suspicion: Ectopic pregnancy with tubal rupture, possibly with associated hemoperitoneum.
2. Brief medical justification: The patient's symptoms, including abdominal pain in the right iliac fossa, dizziness, and radiating pain to the right shoulder, are consistent with a ruptured ectopic pregnancy. The acute onset and severity of symptoms suggest a high likelihood of tubal rupture, which can lead to significant bleeding and hemodynamic instability. The patient's missed period and symptoms are also consistent with ectopic pregnancy. A more detailed evaluation, including physical examination, imaging studies (e.g., ultrasound, CT), and laboratory tests (e.g., beta-human chorionic gonadotropin [β-hCG],",9.33,0.8216045498847961,1,0.029540376524294636,0,1,0
Case_009_Ectopic_Attempt_05,Gynecology,Ruptured Ectopic Pregnancy,"1. Main diagnostic suspicion: Ruptured ectopic pregnancy, specifically a right tubal ectopic pregnancy, with possible tubal rupture and peritoneal spillage.

2. Brief medical justification:
The patient's missed period and acute, sharp abdominal pain in the right iliac fossa, along with radiating pain to the right shoulder, are highly suggestive of an ectopic pregnancy. The intensity of the pain and the presence of dizziness may indicate tubal rupture and peritoneal spillage, which can lead to severe bleeding and shock. The patient's age and history of missed period also support this suspicion. A thorough physical examination, including abdominal and pelvic examination, would be necessary to confirm the diagnosis and assess for signs of periton",9.33,0.8276035189628601,1,0.029540376524294636,1,1,0
Case_009_Ectopic_Attempt_06,Gynecology,Ruptured Ectopic Pregnancy,"1. Main diagnostic suspicion: Ectopic pregnancy with rupture.

2. Brief medical justification: The patient's symptoms, including acute abdominal pain, dizziness, and pain radiating to the right shoulder, suggest an ectopic pregnancy. The missed period for 6 weeks and the sudden onset of severe abdominal pain are also consistent with ectopic pregnancy. The patient's symptoms are not typical of a typical intrauterine pregnancy, which is often associated with a less severe and more gradual onset of symptoms. The risk of rupture increases with time, and the patient's symptoms are concerning for a potential rupture. A timely diagnosis and management are crucial to prevent complications and ensure patient safety. 

Please let me know if you need any further information or if you",9.31,0.8197810053825378,1,0.029540376524294636,0,1,0
Case_009_Ectopic_Attempt_07,Gynecology,Ruptured Ectopic Pregnancy,"1. Main diagnostic suspicion: Appendicitis with possible perforation, potentially complicated by ectopic pregnancy.

2. Brief medical justification:
The patient's acute abdominal pain in the right iliac fossa, along with radiating pain to the right shoulder, suggests appendicitis. The intense dizziness could be a sign of dehydration or blood loss due to potential perforation. The missed period and acute pain are concerning for ectopic pregnancy, which could be a complication of appendicitis, particularly if the appendix has ruptured. The combination of these symptoms warrants immediate attention and a thorough evaluation to rule out life-threatening complications. Further investigation, including imaging studies and surgical consultation, is necessary to confirm the diagnosis and plan appropriate treatment.",9.16,0.8039352297782898,1,0.029540376524294636,0,1,1
Case_009_Ectopic_Attempt_08,Gynecology,Ruptured Ectopic Pregnancy,"**Main diagnostic suspicion:** Ruptured ectopic pregnancy (EP) with intra-abdominal bleeding.

**Brief medical justification:** The patient's missed period, acute abdominal pain in the right iliac fossa, and radiating pain to the right shoulder are all concerning symptoms for a ruptured ectopic pregnancy. The sudden onset of dizziness suggests hypovolemic shock due to intra-abdominal bleeding. The combination of these symptoms, in the context of a missed period, raises a high index of suspicion for a ruptured ectopic pregnancy, which requires immediate surgical intervention to prevent further bleeding and potential complications. A thorough physical examination, laboratory tests, and imaging studies (e.g., ultrasound, CT scan) may be necessary to confirm",9.27,0.8211914300918579,1,0.029540376524294636,1,1,0
Case_009_Ectopic_Attempt_09,Gynecology,Ruptured Ectopic Pregnancy,"1. Main diagnostic suspicion: Ectopic pregnancy with rupture, potentially with tubal rupture.
2. Brief medical justification: The patient's symptoms, including acute abdominal pain, dizziness, and pain radiating to the right shoulder, are consistent with a ruptured ectopic pregnancy. The missed period suggests a possible intrauterine pregnancy, but the patient's symptoms are more indicative of an ectopic pregnancy. The patient's age and the severity of her symptoms increase the likelihood of a ruptured ectopic pregnancy, particularly in the fallopian tube. Further investigation, such as a pelvic examination, ultrasound, and possibly a laparoscopy, would be necessary to confirm the diagnosis. 

Please let me know if you'd like me to",9.36,0.8272548317909241,1,0.029540376524294636,0,1,0
Case_009_Ectopic_Attempt_10,Gynecology,Ruptured Ectopic Pregnancy,"1. Main diagnostic suspicion: Ectopic pregnancy with tubal rupture, complicated by hemoperitoneum and hypovolemic shock.

2. Brief medical justification: The patient's symptoms of acute, sharp abdominal pain, intense dizziness, and pain radiating to the right shoulder suggest a life-threatening condition. The missed period and acute abdominal pain are consistent with ectopic pregnancy. The presence of hemoperitoneum and hypovolemic shock is supported by the patient's hypotension and tachycardia. The patient's symptoms and physical examination findings are consistent with a ruptured ectopic pregnancy, which requires immediate surgical intervention to prevent further bleeding and organ damage. 

Please let me know if you would like me to elaborate",9.44,0.8217737078666687,1,0.029540376524294636,0,1,0
Case_010_GuillainBarre_Attempt_01,Neurology,Guillain-Barré Syndrome,"1. Main diagnostic suspicion: Motor neuron disease, likely amyotrophic lateral sclerosis (ALS).

2. Brief medical justification: The patient's presentation with progressive muscle weakness, starting in the feet and ascending to the thighs, is consistent with a motor neuron disease. The absence of patellar reflexes, which is an important reflex that is typically preserved in other conditions causing muscle weakness, further supports the diagnosis. The patient's recent history of gastroenteritis is unlikely to be causally related to the development of ALS, but it may have triggered an underlying autoimmune response that led to the disease. The rapid progression of symptoms, however, is not typical of ALS and may indicate a more aggressive or atypical variant of the disease. A thorough neurological examination",9.3,0.7642520666122437,0,0.029540376524294636,0,1,1
Case_010_GuillainBarre_Attempt_02,Neurology,Guillain-Barré Syndrome,"1. Main diagnostic suspicion: Motor neuron disease, specifically, possibly Amyotrophic Lateral Sclerosis (ALS).

2. Brief medical justification: The patient's presentation with progressive muscle weakness starting in the feet and ascending to the thighs, accompanied by absent patellar reflexes, suggests a degenerative process affecting the motor neurons. The rapid progression of symptoms over a short period (two weeks) is unusual for a degenerative condition and may indicate an acute or subacute onset of the disease. The absence of patellar reflexes, in particular, is a concerning sign, as it is a common early finding in ALS. While other conditions, such as polyneuropathy or myopathy, could also present with similar symptoms, the combination of",9.27,0.7603614926338196,0,0.029540376524294636,0,1,0
Case_010_GuillainBarre_Attempt_03,Neurology,Guillain-Barré Syndrome,"1. Main diagnostic suspicion: Guillain-Barré syndrome (GBS).

2. Brief medical justification: The patient's history of gastroenteritis, followed by the rapid onset of progressive muscle weakness, is consistent with the clinical presentation of GBS. The absence of patellar reflexes is a key feature of GBS, as it is often accompanied by areflexia (loss of reflexes). The ascending pattern of weakness, starting in the feet and progressing to the thighs, is also consistent with the typical presentation of GBS. GBS is a common autoimmune disorder that can occur after viral or bacterial infections, and it is often characterized by the presence of anti-ganglioside antibodies in the blood. A thorough neurological examination,",9.33,0.848645806312561,1,0.029540376524294636,1,1,0
Case_010_GuillainBarre_Attempt_04,Neurology,Guillain-Barré Syndrome,"1. Main diagnostic suspicion: Guillain-Barré Syndrome (GBS).

2. Brief medical justification: The patient's history of recent gastroenteritis, followed by the rapid onset of progressive muscle weakness with absent patellar reflexes, is highly suggestive of GBS. GBS is a post-infectious autoimmune disorder that typically occurs after an episode of gastroenteritis, respiratory, or other infections. The syndrome is characterized by the rapid progression of motor weakness, often starting in the distal extremities and ascending to the trunk and proximal muscles. The patient's symptoms, including the absence of patellar reflexes, are consistent with the typical presentation of GBS. Further evaluation, including electromyography (EMG) and cere",9.27,0.8495360016822815,1,0.029540376524294636,1,1,0
Case_010_GuillainBarre_Attempt_05,Neurology,Guillain-Barré Syndrome,"1. Main diagnostic suspicion: Motor neuron disease, specifically amyotrophic lateral sclerosis (ALS).
2. Brief medical justification: The patient's presentation with progressive muscle weakness, absence of patellar reflexes, and ascending pattern of weakness are consistent with the clinical features of ALS. The rapid progression of symptoms in a short period, typically two weeks, is also unusual for other causes of muscle weakness. The patient's history of gastroenteritis two weeks prior may be a potential trigger or exacerbating factor for the development of ALS, which is a multifactorial disease. Further evaluation with electromyography (EMG), imaging studies, and laboratory tests will be necessary to confirm the diagnosis and exclude other possible causes of muscle weakness. 

This analysis is",9.34,0.7596427798271179,0,0.029540376524294636,0,1,1
Case_010_GuillainBarre_Attempt_06,Neurology,Guillain-Barré Syndrome,"**Main Diagnostic Suspicion:**
Guillain-Barré Syndrome (GBS)

**Brief Medical Justification:**
The patient's presentation with progressive muscle weakness, starting in the feet and ascending to the thighs, along with the absence of patellar reflexes, suggests a demyelinating neuropathy. GBS is a leading diagnosis due to the temporal association with a recent gastrointestinal illness (gastroenteritis), which can trigger an autoimmune response. The rapid progression of weakness, the absence of patellar reflexes, and the lack of sensory symptoms are all consistent with GBS. Further evaluation with electromyography (EMG) and cerebrospinal fluid analysis will be necessary to confirm the diagnosis. Immediate administration of intravenous",9.24,0.8475974202156067,1,0.029540376524294636,1,1,0
Case_010_GuillainBarre_Attempt_07,Neurology,Guillain-Barré Syndrome,"1. Main diagnostic suspicion: Guillain-Barré Syndrome (GBS).

2. Brief medical justification: The patient's history of gastroenteritis, followed by progressive muscle weakness in a stocking-glove distribution, with absent patellar reflexes, suggests an immune-mediated polyneuropathy. The rapid progression of symptoms, absence of sensory involvement, and lack of other systemic symptoms are consistent with GBS, a classic autoimmune disorder characterized by the rapid development of ascending paralysis, often triggered by a preceding viral infection. The presence of absent patellar reflexes is a key feature, as it indicates a peripheral nerve disorder. Although other conditions, such as chronic inflammatory demyelinating polyneuropathy (CIDP), could share some",9.35,0.8506182432174683,1,0.029540376524294636,1,1,0
Case_010_GuillainBarre_Attempt_08,Neurology,Guillain-Barré Syndrome,"1. Main diagnostic suspicion: Guillain-Barré Syndrome (GBS).

2. Brief medical justification: The patient's history of gastroenteritis and the rapid progression of muscle weakness, specifically the absence of patellar reflexes, are consistent with GBS. GBS is an autoimmune disorder that occurs when the immune system mistakenly attacks the nerves, leading to inflammation and damage to the peripheral nervous system. The symptoms of GBS, such as progressive muscle weakness, are caused by the damage to the nerves and the disruption of the nerve signals to the muscles. The absence of patellar reflexes is a significant clinical feature of GBS, as it indicates damage to the nerve roots and the spinal cord. The patient's symptoms are consistent with the",9.35,0.8475963473320007,1,0.029540376524294636,1,1,0
Case_010_GuillainBarre_Attempt_09,Neurology,Guillain-Barré Syndrome,"**Main diagnostic suspicion:**
Guillain-Barré Syndrome (GBS).

**Brief medical justification:**
The patient's presentation with progressive muscle weakness, starting in the feet and ascending, is consistent with the characteristic ascending paralysis of GBS. The absence of patellar reflexes is also a key feature of this condition. The patient's history of recent gastroenteritis may be a triggering event for GBS, as this type of illness can trigger an immune response that leads to the development of GBS. The combination of these findings, along with the rapid progression of symptoms, strongly suggests a diagnosis of GBS. Further evaluation with electromyography (EMG) and lumbar puncture may be necessary to confirm the diagnosis and exclude",9.3,0.8479322791099548,1,0.029540376524294636,1,1,0
Case_010_GuillainBarre_Attempt_10,Neurology,Guillain-Barré Syndrome,"**Main diagnostic suspicion:** Guillain-Barré Syndrome (GBS).

**Brief medical justification:** The patient's presentation with progressive muscle weakness, starting in the feet and ascending, in the context of a recent gastrointestinal illness, raises concern for a demyelinating neuropathy. The absence of patellar reflexes, a common feature of GBS, supports this suspicion. GBS is an autoimmune disorder that typically follows a viral or bacterial infection, leading to the destruction of the myelin sheath surrounding nerve fibers, resulting in demyelination and axonal degeneration. The rapid progression of muscle weakness, as seen in this case, is also consistent with GBS. Further evaluation, including electromyography (EMG) and cere",9.21,0.8499816060066223,1,0.029540376524294636,1,1,0
